{"서울":{"7day":{"tempmin":"19", "tempmax":"28", "sky":"맑음"}, "today":{"sky":"구름조금", "wspd":"1.10", "wdir":"315.00", "temp":"26.00", "wdper":"10.00"}, "2day":{"sky":"맑음", "wspd":"1.30", "wdir":"257.00", "temp":"27.00", "wdper":"0.00"}, "1day":{"sky":"맑음", "wspd":"1.10", "wdir":"315.00", "temp":"27.00", "wdper":"0.00"}, "8day":{"tempmin":"19", "tempmax":"28", "sky":"구름많음"}, "3day":{"tempmin":"20", "tempmax":"29", "sky":"구름조금"}, "6day":{"tempmin":"19", "tempmax":"29", "sky":"맑음"}, "5day":{"tempmin":"20", "tempmax":"27", "sky":"구름많음"}, "4day":{"tempmin":"21", "tempmax":"25", "sky":"흐리고 비"}, "9day":{"tempmin":"19", "tempmax":"28", "sky":"구름많음"}}, "인천":{"7day":{"tempmin":"19", "tempmax":"27", "sky":"맑음"}, "today":{"sky":"구름조금", "wspd":"1.50", "wdir":"208.00", "temp":"25.00", "wdper":"10.00"}, "2day":{"sky":"맑음", "wspd":"2.70", "wdir":"231.00", "temp":"26.00", "wdper":"0.00"}, "1day":{"sky":"맑음", "wspd":"0.90", "wdir":"283.00", "temp":"25.00", "wdper":"0.00"}, "8day":{"tempmin":"19", "tempmax":"27", "sky":"구름많음"}, "3day":{"tempmin":"21", "tempmax":"28", "sky":"구름조금"}, "6day":{"tempmin":"19", "tempmax":"28", "sky":"맑음"}, "5day":{"tempmin":"20", "tempmax":"27", "sky":"구름많음"}, "4day":{"tempmin":"21", "tempmax":"26", "sky":"흐리고 비"}, "9day":{"tempmin":"19", "tempmax":"27", "sky":"구름많음"}}}